{
  "isolation_forest": [
    {
      "version": "20250924_095251",
      "model_path": "./models/isolation_forest/20250924_095251",
      "metrics": {
        "accuracy": 0.9205,
        "precision": 0.35323383084577115,
        "recall": 0.71,
        "f1_score": 0.4717607973421927,
        "true_positives": 71,
        "true_negatives": 1770,
        "false_positives": 130,
        "false_negatives": 29,
        "specificity": 0.9315789473684211,
        "false_positive_rate": 0.06842105263157895,
        "false_negative_rate": 0.29,
        "roc_auc": 0.8861526315789474,
        "average_precision": 0.5867091521202237
      },
      "training_params": {
        "n_estimators": 100,
        "contamination": 0.1,
        "random_state": 42,
        "n_jobs": -1
      },
      "created_at": "2025-09-24T09:52:51.738022",
      "status": "active"
    }
  ]
}